City_ID,City,Lat,Lng,Max Temp (F),Humidity,Cloudiness,Wind Speed,Country,Date
0,turpan,42.9333,89.1667,27.01,57,12,1.68,CN,2024-01-04 21:45:34
1,waitangi,-43.9535,-176.5597,62.82,88,100,26.64,NZ,2024-01-04 21:45:35
2,berekum,7.4534,-2.584,82.47,50,99,6.11,GH,2024-01-04 21:45:36
3,iqaluit,63.7506,-68.5145,2.93,60,75,3.44,CA,2024-01-04 21:45:36
4,yellowknife,62.456,-114.3525,-28.62,83,75,5.75,CA,2024-01-04 21:45:36
5,port mathurin,-19.6833,63.4167,82.26,81,80,9.6,MU,2024-01-04 21:45:37
6,colonia,50.9333,6.95,45.25,83,20,8.05,DE,2024-01-04 21:45:37
7,ishigaki,24.3448,124.1572,60.93,77,29,6.91,JP,2024-01-04 21:45:37
8,weno,7.4515,151.8468,82.35,78,75,8.05,FM,2024-01-04 21:45:38
9,marsabit,2.3284,37.9899,70.5,47,2,9.75,KE,2024-01-04 21:45:38
10,edinburgh of the seven seas,-37.0676,-12.3116,57.2,71,19,24.85,SH,2024-01-04 21:45:38
11,grytviken,-54.2811,-36.5092,44.06,78,91,7.14,GS,2024-01-04 21:45:38
12,port-aux-francais,-49.35,70.2167,40.6,69,47,28.79,TF,2024-01-04 21:45:39
13,candido mendes,-1.4467,-45.7167,76.53,95,95,4.05,BR,2024-01-04 21:45:39
14,shingu,33.7333,135.9833,39.88,71,0,5.95,JP,2024-01-04 21:45:39
15,cabo san lucas,22.8909,-109.9124,74.34,49,20,19.57,MX,2024-01-04 21:44:31
16,pokhara,28.2333,83.9833,51.35,40,4,5.46,NP,2024-01-04 21:45:40
17,uturoa,-16.7333,-151.4333,80.01,81,100,25.61,PF,2024-01-04 21:45:40
18,nova sintra,14.8667,-24.7167,70.07,63,0,16.46,CV,2024-01-04 21:45:40
19,port saint john's,-31.6229,29.5448,67.35,87,33,8.23,ZA,2024-01-04 21:45:41
20,bethel,41.3712,-73.414,36.36,52,75,9.22,US,2024-01-04 21:44:49
21,semnan,35.5729,53.3971,41.61,53,25,2.04,IR,2024-01-04 21:45:41
22,avarua,-21.2078,-159.775,84.25,74,75,18.41,CK,2024-01-04 21:45:41
23,maragogi,-9.0122,-35.2225,80.71,81,65,12.12,BR,2024-01-04 21:45:17
24,port lincoln,-34.7333,135.8667,65.97,77,76,16.17,AU,2024-01-04 21:45:42
25,adamstown,-25.066,-130.1015,74.7,81,93,15.48,PN,2024-01-04 21:45:42
26,melekeok village,7.4957,134.6367,79.36,94,75,12.59,PW,2024-01-04 21:45:42
27,afaahiti,-17.75,-149.2833,78.67,86,100,21.79,PF,2024-01-04 21:45:43
28,kostopil',50.8784,26.4519,41.99,91,100,12.5,UA,2024-01-04 21:45:43
29,longyearbyen,78.2186,15.6401,-2.36,60,75,8.05,SJ,2024-01-04 21:45:43
30,bilibino,68.0546,166.4372,-24.66,99,100,1.61,RU,2024-01-04 21:45:43
31,walvis bay,-22.9575,14.5053,65.35,88,3,8.05,NA,2024-01-04 21:45:44
32,ushuaia,-54.8,-68.3,47.86,81,100,8.05,AR,2024-01-04 21:41:46
33,alofi,-19.0595,-169.9187,84.09,70,75,12.66,NU,2024-01-04 21:45:44
34,marechal candido rondon,-24.5561,-54.0567,80.02,69,46,1.97,BR,2024-01-04 21:45:44
35,verkhnevilyuysk,63.4453,120.3167,-21.33,94,100,7.16,RU,2024-01-04 21:45:45
36,mangrol,21.1167,70.1167,65.28,41,2,11.5,IN,2024-01-04 21:45:45
37,jamestown,42.097,-79.2353,22.64,80,100,11.5,US,2024-01-04 21:45:43
38,peace river,56.2501,-117.286,8.91,85,100,8.05,CA,2024-01-04 21:45:45
39,heber springs,35.4915,-92.0313,41.05,59,16,5.97,US,2024-01-04 21:45:45
40,kodiak,57.79,-152.4072,35.11,93,100,6.91,US,2024-01-04 21:45:46
41,college,64.8569,-147.8028,7.77,69,75,11.5,US,2024-01-04 21:45:46
42,poyang,28.9924,116.6675,48.83,63,50,5.08,CN,2024-01-04 21:45:46
43,west island,-12.1568,96.8225,78.78,94,75,6.91,CC,2024-01-04 21:45:46
44,albany,42.6001,-73.9662,27.75,56,11,8.01,US,2024-01-04 21:43:41
45,revda,56.801,59.9303,9.46,94,100,4.92,RU,2024-01-04 21:45:47
46,bathsheba,13.2167,-59.5167,83.01,69,20,16.11,BB,2024-01-04 21:45:47
47,naze,28.3667,129.4833,52.72,67,11,0.58,JP,2024-01-04 21:45:47
48,minas de marcona,-15.2119,-75.1103,68.97,68,57,12.73,PE,2024-01-04 21:45:47
49,coquimbo,-29.9533,-71.3436,69.53,68,20,11.5,CL,2024-01-04 21:45:48
50,bredasdorp,-34.5322,20.0403,65.8,89,98,9.53,ZA,2024-01-04 21:45:48
51,mount isa,-20.7333,139.5,80.37,74,40,0.0,AU,2024-01-04 21:45:48
52,harnosand,62.6323,17.9379,3.2,95,99,8.5,SE,2024-01-04 21:45:48
53,williston,48.147,-103.618,27.81,63,14,5.35,US,2024-01-04 21:45:29
54,pemba,-12.974,40.5178,76.8,88,100,4.23,MZ,2024-01-04 21:45:49
55,tazovsky,67.4667,78.7,-8.64,88,100,16.04,RU,2024-01-04 21:45:16
56,mokhsogollokh,61.4681,128.9203,-31.77,99,99,1.74,RU,2024-01-04 21:45:49
57,saipan,15.1355,145.701,79.5,89,40,6.91,MP,2024-01-04 21:45:49
58,port elizabeth,-33.918,25.5701,66.4,90,75,12.66,ZA,2024-01-04 21:45:50
59,margaret river,-33.95,115.0667,55.18,84,10,9.48,AU,2024-01-04 21:45:50
60,san antonio de pale,-1.4014,5.6325,80.92,76,97,8.88,GQ,2024-01-04 21:45:50
61,carnarvon,-24.8667,113.6333,74.26,85,0,11.12,AU,2024-01-04 21:45:50
62,ribeira grande,38.5167,-28.7,63.0,88,75,25.01,PT,2024-01-04 21:45:50
63,stanley,54.868,-1.6985,37.92,95,75,4.61,GB,2024-01-04 21:45:51
64,bowen,-20.0167,148.2333,80.62,75,10,5.08,AU,2024-01-04 21:45:51
65,jabor,5.921,169.6434,82.11,76,100,13.53,MH,2024-01-04 21:45:51
66,gorontalo,0.5412,123.0595,75.04,95,96,3.2,ID,2024-01-04 21:45:51
67,iskateley,67.6803,53.1512,8.02,98,99,5.99,RU,2024-01-04 21:45:52
68,black point,-34.6187,137.8972,71.06,67,42,11.79,AU,2024-01-04 21:45:52
69,la ronge,55.1001,-105.2842,12.45,67,75,10.36,CA,2024-01-04 21:45:52
70,fisterra,42.9049,-9.2629,43.75,69,64,19.3,ES,2024-01-04 21:45:52
71,chonchi,-42.6128,-73.8092,70.12,71,65,5.75,CL,2024-01-04 21:45:52
72,badger,64.8,-147.5333,7.07,72,100,11.5,US,2024-01-04 21:45:53
73,olonkinbyen,70.9221,-8.7187,21.67,65,95,6.26,SJ,2024-01-04 21:45:53
74,korenevo,55.6719,38.0078,-12.33,84,0,4.47,RU,2024-01-04 21:45:53
75,quang ngai,15.1167,108.8,69.31,80,77,2.39,VN,2024-01-04 21:45:53
76,hermanus,-34.4187,19.2345,67.66,84,50,10.25,ZA,2024-01-04 21:41:51
77,isafjordur,66.0755,-23.124,30.96,95,91,9.78,IS,2024-01-04 21:45:54
78,baijiantan,45.6333,85.1833,10.27,94,16,1.32,CN,2024-01-04 21:45:54
79,tapes,-30.6733,-51.3958,72.28,82,40,15.88,BR,2024-01-04 21:45:54
80,monahans,31.5943,-102.8926,52.3,49,79,15.41,US,2024-01-04 21:45:54
81,wailua homesteads,22.0669,-159.378,76.08,78,0,13.8,US,2024-01-04 21:45:55
82,puerto natales,-51.7236,-72.4875,57.65,88,100,5.75,CL,2024-01-04 21:43:22
83,yerofey pavlovich,53.9667,121.9667,-20.22,99,47,2.37,RU,2024-01-04 21:45:55
84,sao joao da barra,-21.6403,-41.0511,77.09,96,100,6.8,BR,2024-01-04 21:45:55
85,zabaykal'sk,49.6333,117.3167,-3.3,96,100,4.5,RU,2024-01-04 21:45:56
86,lazaro cardenas,17.9583,-102.2,80.92,57,19,9.15,MX,2024-01-04 21:45:56
87,lautoka,-17.6167,177.4667,85.86,66,75,2.3,FJ,2024-01-04 21:45:56
88,oguta,5.7089,6.8103,80.82,74,75,5.99,NG,2024-01-04 21:45:56
89,collie,-33.3667,116.15,56.71,74,0,7.2,AU,2024-01-04 21:45:56
90,qaqortoq,60.7167,-46.0333,14.56,90,95,8.21,GL,2024-01-04 21:45:57
91,luderitz,-26.6481,15.1594,64.9,92,26,6.49,NA,2024-01-04 21:45:57
92,augusta,48.3667,10.8833,38.25,87,75,4.61,DE,2024-01-04 21:41:05
93,richards bay,-28.783,32.0377,66.65,86,2,3.0,ZA,2024-01-04 21:45:57
94,buinsk,54.95,48.2833,-12.28,99,59,4.03,RU,2024-01-04 21:42:07
95,luganville,-15.5333,167.1667,81.55,79,100,6.26,VU,2024-01-04 21:45:58
96,madalena,41.2162,-8.3345,46.35,96,30,4.63,PT,2024-01-04 21:45:58
97,tralee,52.2704,-9.7026,44.24,89,87,9.06,IE,2024-01-04 21:45:58
98,ilulissat,69.2167,-51.1,21.22,79,75,9.22,GL,2024-01-04 21:45:58
99,punta arenas,-53.15,-70.9167,51.91,87,75,4.61,CL,2024-01-04 21:45:59
100,box elder,41.5005,-112.8764,35.85,68,96,4.05,US,2024-01-04 21:45:59
101,bria,6.5423,21.9863,74.39,27,100,2.35,CF,2024-01-04 21:45:59
102,emerald,-23.5333,148.1667,81.34,73,92,8.08,AU,2024-01-04 21:43:52
103,enewetak,11.3474,162.3373,81.12,77,74,19.04,MH,2024-01-04 21:46:00
104,kyabe,9.4515,18.9449,78.3,15,5,3.51,TD,2024-01-04 21:46:00
105,xacmaz,41.4635,48.806,46.49,65,56,6.44,AZ,2024-01-04 21:46:00
106,puerto armuelles,8.2833,-82.8667,85.98,76,85,5.06,PA,2024-01-04 21:46:00
107,suva,-18.1416,178.4415,83.68,84,75,3.44,FJ,2024-01-04 21:46:00
108,kruisfontein,-34.0033,24.7314,67.89,92,4,10.65,ZA,2024-01-04 21:46:01
109,baiti,13.745,-14.7482,83.41,15,65,5.26,SN,2024-01-04 21:46:01
110,kourou,5.1552,-52.6478,82.45,90,57,7.29,GF,2024-01-04 21:46:01
111,atafu village,-8.5421,-172.5159,84.36,65,68,11.43,TK,2024-01-04 21:46:01
112,veracruz,19.3333,-96.6667,69.12,87,97,3.09,MX,2024-01-04 21:41:16
113,hancheng,32.5186,112.3522,41.9,70,0,3.87,CN,2024-01-04 21:46:02
114,adrar,20.5022,-10.0711,66.2,15,0,7.99,MR,2024-01-04 21:46:03
115,pangody,65.85,74.4859,-11.33,83,100,13.27,RU,2024-01-04 21:46:03
116,liangxiang,39.7319,116.14,25.68,79,1,2.08,CN,2024-01-04 21:46:04
117,basco,20.4487,121.9702,72.0,70,55,19.89,PH,2024-01-04 21:46:04
118,agaro,7.85,36.65,63.19,78,77,3.09,ET,2024-01-04 21:46:04
119,callao,-12.0667,-77.15,75.49,78,100,8.05,PE,2024-01-04 21:46:04
120,sitka,57.0531,-135.33,39.09,81,75,6.91,US,2024-01-04 21:46:05
121,blackmans bay,-43.0167,147.3167,59.13,74,21,1.12,AU,2024-01-04 21:46:05
122,papatowai,-46.5619,169.4708,53.19,54,83,10.56,NZ,2024-01-04 21:46:06
123,okhotsk,59.3833,143.3,-22.94,84,12,7.87,RU,2024-01-04 21:46:06
124,anadyr,64.75,177.4833,3.7,78,0,15.66,RU,2024-01-04 21:45:42
125,westport,41.1415,-73.3579,38.77,55,20,16.11,US,2024-01-04 21:42:30
126,east london,-33.0153,27.9116,69.51,80,50,15.64,ZA,2024-01-04 21:46:07
127,salalah,17.0151,54.0924,73.49,68,0,4.61,OM,2024-01-04 21:46:07
128,pirallahi,40.4723,50.333,51.94,70,87,31.0,AZ,2024-01-04 21:46:08
129,mount gambier,-37.8333,140.7667,65.84,76,44,9.98,AU,2024-01-04 21:46:08
130,thunder bay,48.4001,-89.3168,12.11,67,40,6.91,CA,2024-01-04 21:43:53
131,imbituba,-28.24,-48.6703,71.65,88,24,3.44,BR,2024-01-04 21:46:09
132,whitby,54.4877,-0.615,42.31,89,100,0.25,GB,2024-01-04 21:46:11
133,constantia,44.1833,28.65,47.08,86,94,19.15,RO,2024-01-04 21:42:54
134,mogocha,53.7333,119.7667,-19.07,100,69,1.83,RU,2024-01-04 21:46:12
135,farafangana,-22.8167,47.8333,76.42,85,99,4.34,MG,2024-01-04 21:46:12
136,hithadhoo,-0.6,73.0833,82.22,76,92,7.83,MV,2024-01-04 21:46:12
137,hawaiian paradise park,19.5933,-154.9731,74.08,87,100,6.91,US,2024-01-04 21:46:13
138,thompson,55.7435,-97.8558,8.76,78,100,11.5,CA,2024-01-04 21:44:12
139,invercargill,-46.4,168.35,53.02,69,100,8.99,NZ,2024-01-04 21:46:18
140,vila franca do campo,37.7167,-25.4333,64.89,99,89,10.65,PT,2024-01-04 21:46:19
141,fort bragg,35.139,-79.006,49.44,42,0,12.66,US,2024-01-04 21:46:19
142,georgetown,5.4112,100.3354,78.17,86,20,3.44,MY,2024-01-04 21:46:20
143,pandan,14.0453,124.1694,78.6,87,86,17.83,PH,2024-01-04 21:46:20
144,howard springs,-12.497,131.047,77.4,95,100,1.21,AU,2024-01-04 21:46:20
145,keflavik,64.0049,-22.5624,34.23,75,75,6.91,IS,2024-01-04 21:46:21
146,polyarnyy,69.1989,33.4478,-4.18,88,5,18.16,RU,2024-01-04 21:46:21
147,ust-nera,64.5667,143.2,-45.54,98,76,3.2,RU,2024-01-04 21:46:22
148,whitehorse,60.7161,-135.0538,18.28,93,75,19.57,CA,2024-01-04 21:46:22
149,kununurra,-15.7667,128.7333,78.78,94,100,2.3,AU,2024-01-04 21:46:22
150,karratha,-20.7377,116.8463,76.5,80,2,11.61,AU,2024-01-04 21:46:02
151,touros,-5.1989,-35.4608,81.27,80,2,10.83,BR,2024-01-04 21:46:23
152,maceio,-9.6658,-35.7353,83.64,78,0,13.8,BR,2024-01-04 21:43:30
153,igarka,67.4667,86.5833,-11.58,95,100,21.7,RU,2024-01-04 21:46:24
154,saynshand,44.8824,110.1163,5.14,84,100,4.23,MN,2024-01-04 21:46:24
155,daru,-9.0763,143.2092,80.71,84,100,2.8,PG,2024-01-04 21:46:25
156,primorsk,46.7348,36.3443,42.39,93,70,7.34,UA,2024-01-04 21:46:22
157,tegueste,28.5167,-16.3167,61.25,88,20,11.5,ES,2024-01-04 21:46:25
158,kone,-21.0595,164.8658,87.51,54,1,1.21,NC,2024-01-04 21:46:26
159,churapcha,62.0025,132.4325,-28.12,99,100,3.15,RU,2024-01-04 21:46:26
160,utrik,11.2278,169.8474,80.06,65,100,21.05,MH,2024-01-04 21:46:27
161,barra de santo antonio,-9.4047,-35.5072,83.48,84,45,13.09,BR,2024-01-04 21:46:27
162,vorgashor,67.5833,63.95,-11.27,99,100,6.4,RU,2024-01-04 21:46:28
163,metlaoui,34.3208,8.4016,52.88,43,1,4.92,TN,2024-01-04 21:46:28
164,bayganin,48.6947,55.8742,27.79,83,100,6.04,KZ,2024-01-04 21:46:28
165,tiksi,71.6872,128.8694,-31.02,100,91,2.82,RU,2024-01-04 21:46:29
166,glace bay,46.1969,-59.957,29.41,85,100,3.44,CA,2024-01-04 21:46:29
167,ta`u,-14.2336,-169.5144,82.78,77,24,15.57,AS,2024-01-04 21:46:06
168,xinmin,41.9908,122.8253,9.36,89,5,2.8,CN,2024-01-04 21:46:30
169,ca mau,9.1769,105.15,75.31,78,95,6.2,VN,2024-01-04 21:46:30
170,tolanaro,-25.0319,46.9987,75.27,88,75,9.22,MG,2024-01-04 21:46:31
171,susuman,62.7833,148.1667,-44.57,100,97,0.67,RU,2024-01-04 21:46:31
172,udachny,66.4167,112.4,-41.17,100,63,2.62,RU,2024-01-04 21:46:32
173,tanjung pandan,-2.75,107.65,77.52,89,100,6.71,ID,2024-01-04 21:46:32
174,nikolayevsk-on-amure,53.1406,140.73,-11.58,99,41,1.14,RU,2024-01-04 21:46:32
175,slave lake,55.2834,-114.769,17.58,79,100,11.5,CA,2024-01-04 21:46:33
176,gadzhiyevo,69.2551,33.3362,-2.79,84,8,20.94,RU,2024-01-04 21:46:33
177,ust'-uda,54.1742,103.0304,-23.89,100,76,2.64,RU,2024-01-04 21:46:34
178,tannum sands,-23.9504,151.3693,82.29,74,8,5.75,AU,2024-01-04 21:46:34
179,thames,-37.1333,175.5333,69.98,65,96,4.63,NZ,2024-01-04 21:46:34
180,reyes,-14.3167,-67.3833,89.56,70,75,4.61,BO,2024-01-04 21:46:35
181,morehead city,34.7229,-76.726,47.03,62,75,12.66,US,2024-01-04 21:46:35
182,tofol,5.3248,163.0078,83.98,74,100,8.05,FM,2024-01-04 21:46:36
183,kharp,66.8014,65.8081,-6.54,91,62,8.61,RU,2024-01-04 21:46:36
184,kasongo-lunda,-6.4667,16.8167,70.66,95,81,1.86,CD,2024-01-04 21:46:37
185,pailin,12.849,102.6093,68.25,78,68,1.54,KH,2024-01-04 21:46:37
186,san patricio,28.017,-97.5169,66.83,63,95,14.63,US,2024-01-04 21:46:38
187,howrah,22.5892,88.3103,60.8,88,1,0.0,IN,2024-01-04 21:46:38
188,hotan,37.0997,79.9269,24.24,53,2,0.36,CN,2024-01-04 21:46:39
189,coahuayana de hidalgo,18.7,-103.6583,81.79,56,3,6.08,MX,2024-01-04 21:46:39
190,gurupa,-1.405,-51.64,77.65,86,93,3.76,BR,2024-01-04 21:46:40
191,hasaki,35.7333,140.8333,34.2,50,8,2.91,JP,2024-01-04 21:46:40
192,remire-montjoly,4.9167,-52.2667,82.44,78,75,9.22,GF,2024-01-04 21:46:41
193,yarovoye,52.9273,78.58,17.76,83,100,14.76,RU,2024-01-04 21:46:41
194,north bay,46.3168,-79.4663,12.97,80,100,3.42,CA,2024-01-04 21:46:41
195,masterton,-40.9597,175.6575,63.88,63,100,9.46,NZ,2024-01-04 21:46:42
196,wotho,10.1657,166.0102,81.63,71,80,17.09,MH,2024-01-04 21:46:42
197,sakti,22.0333,82.9667,62.94,55,10,4.25,IN,2024-01-04 21:46:42
198,arraial do cabo,-22.9661,-42.0278,76.86,83,75,9.22,BR,2024-01-04 21:46:43
199,las lomitas,-24.7096,-60.593,97.72,23,19,7.63,AR,2024-01-04 21:46:43
200,alzamay,55.5562,98.6644,-28.17,100,17,2.17,RU,2024-01-04 21:46:43
201,recife,-8.0539,-34.8811,84.24,74,20,10.36,BR,2024-01-04 21:46:32
202,makar'yev,57.8797,43.8069,-1.43,92,100,6.91,RU,2024-01-04 21:44:51
203,stornoway,58.2093,-6.3865,41.04,94,85,5.75,GB,2024-01-04 21:46:44
204,ladario,-19.0047,-57.6017,93.49,59,20,5.75,BR,2024-01-04 21:46:44
205,lihue,21.9789,-159.3672,76.69,72,0,13.8,US,2024-01-04 21:46:45
206,kibale,0.8,31.0667,61.95,64,83,2.35,UG,2024-01-04 21:46:45
207,bubaque,11.2833,-15.8333,78.71,71,38,12.84,GW,2024-01-04 21:46:45
208,laguna,38.421,-121.4238,54.95,67,0,8.05,US,2024-01-04 21:46:45
209,rongelap,11.1635,166.8941,80.89,73,100,18.97,MH,2024-01-04 21:46:46
210,moranbah,-22.0016,148.0466,81.5,60,10,5.46,AU,2024-01-04 21:46:46
211,fuding,27.3273,120.214,45.66,75,7,3.47,CN,2024-01-04 21:46:46
212,wauchope,-31.45,152.7333,74.97,86,98,6.15,AU,2024-01-04 21:46:47
213,mirnyy,62.5353,113.9611,-18.89,94,100,9.17,RU,2024-01-04 21:46:47
214,sao jose da coroa grande,-8.8978,-35.1478,80.87,80,49,12.26,BR,2024-01-04 21:46:47
215,shahrud,36.4182,54.9763,38.89,58,67,3.69,IR,2024-01-04 21:46:47
216,pionerskiy,54.9508,20.2275,17.44,83,100,17.16,RU,2024-01-04 21:46:48
217,port alfred,-33.5906,26.891,69.57,82,32,20.6,ZA,2024-01-04 21:46:48
218,nadym,65.5333,72.5167,-12.26,83,100,10.65,RU,2024-01-04 21:46:48
219,tasova,40.7597,36.3225,52.61,77,100,3.47,TR,2024-01-04 21:46:48
220,aitape,-3.1374,142.3475,80.44,86,57,3.27,PG,2024-01-04 21:46:48
221,khorugh,37.4897,71.553,25.86,83,100,0.2,TJ,2024-01-04 21:46:49
222,jiagedaqi,50.4167,124.1167,-14.28,99,83,3.09,CN,2024-01-04 21:46:49
223,pisco,-13.7,-76.2167,78.85,65,0,18.41,PE,2024-01-04 21:46:49
224,sao miguel do guama,-1.6267,-47.4833,76.39,95,98,5.41,BR,2024-01-04 21:46:50
225,rumbek,6.802,29.6912,78.75,19,0,4.63,SS,2024-01-04 21:46:50
226,isla mujeres,21.2311,-86.731,76.5,75,6,10.11,MX,2024-01-04 21:46:50
227,shimoda,34.6667,138.95,42.1,62,70,1.7,JP,2024-01-04 21:46:50
228,konarka,19.9,86.1167,59.4,71,7,6.2,IN,2024-01-04 21:46:51
229,monastir,35.7833,10.8333,57.18,62,0,9.22,TN,2024-01-04 21:46:51
230,kijang,35.2442,129.2139,26.33,71,0,9.71,KR,2024-01-04 21:46:51
231,ovalle,-30.5983,-71.2003,79.95,44,1,7.05,CL,2024-01-04 21:46:51
232,talnakh,69.4865,88.3972,-11.79,93,100,20.76,RU,2024-01-04 21:46:52
233,puerto ayora,-0.7393,-90.3518,78.55,92,65,5.01,EC,2024-01-04 21:46:52
234,aberdeen,57.1437,-2.0981,42.85,95,100,6.91,GB,2024-01-04 21:46:52
235,holualoa,19.6228,-155.9522,76.57,65,0,9.22,US,2024-01-04 21:46:52
236,ancud,-41.8697,-73.8203,61.93,86,68,8.37,CL,2024-01-04 21:46:53
237,bangjun,39.9911,117.2628,20.43,78,0,4.38,CN,2024-01-04 21:46:53
238,sirsilla,18.3833,78.8333,66.72,78,8,11.1,IN,2024-01-04 21:46:53
239,midvagur,62.0511,-7.1939,45.43,81,100,16.11,FO,2024-01-04 21:46:54
240,aasiaat,68.7098,-52.8699,14.5,92,100,9.17,GL,2024-01-04 21:46:54
241,tromso,69.6496,18.957,23.02,58,75,18.41,NO,2024-01-04 21:46:15
242,maieru,47.4,24.75,40.95,95,100,7.87,RO,2024-01-04 21:46:55
243,grenville,12.1167,-61.6167,84.25,72,36,13.56,GD,2024-01-04 21:46:55
244,fortuna,40.5982,-124.1573,56.37,85,100,11.5,US,2024-01-04 21:46:55
245,tura,25.5198,90.2201,54.82,74,0,3.18,IN,2024-01-04 21:46:55
246,hobyo,5.3505,48.5268,77.49,71,94,16.37,SO,2024-01-04 21:46:56
247,al ghayzah,16.2079,52.176,73.26,62,9,1.14,YE,2024-01-04 21:46:56
248,puerto quijarro,-17.7833,-57.7667,88.61,58,99,1.72,BO,2024-01-04 21:46:56
249,ulladulla,-35.35,150.4667,65.03,86,95,3.85,AU,2024-01-04 21:46:56
250,suvorovskaya,44.1942,42.6539,42.75,78,61,2.62,RU,2024-01-04 21:44:49
251,lib,8.3122,167.3766,82.0,70,96,16.67,MH,2024-01-04 21:46:57
252,opuwo,-18.0607,13.84,71.11,56,84,6.73,NA,2024-01-04 21:46:57
253,bamboo flat,11.7,92.7167,80.69,78,20,9.22,IN,2024-01-04 21:46:57
254,novoagansk,61.9449,76.6625,-4.2,98,100,12.84,RU,2024-01-04 21:46:57
255,petropavlovsk-kamchatsky,53.0452,158.6483,6.46,83,75,11.18,RU,2024-01-04 21:46:58
256,geraldton,-28.7667,114.6,75.61,38,0,24.16,AU,2024-01-04 21:46:58
257,panama city beach,30.1766,-85.8055,59.7,43,0,6.91,US,2024-01-04 21:43:55
258,chibougamau,49.9168,-74.3659,2.82,78,100,8.05,CA,2024-01-04 21:46:59
259,powell river,49.8496,-124.5361,46.47,100,75,6.91,CA,2024-01-04 21:46:59
260,vadso,70.0744,29.7487,6.96,85,100,11.5,NO,2024-01-04 21:46:59
261,shantipur,23.25,88.4667,61.3,42,0,4.63,IN,2024-01-04 21:46:59
262,kailua-kona,19.6406,-155.9956,80.24,65,0,9.22,US,2024-01-04 21:46:06
263,kanniyakumari,8.0833,77.5667,79.11,82,100,11.12,IN,2024-01-04 21:47:00
264,celestun,20.8667,-90.4,75.2,75,61,9.69,MX,2024-01-04 21:47:00
265,iwon-up,40.3231,128.6553,31.1,67,0,6.46,KP,2024-01-04 21:47:00
266,zavodoukovsk,56.5042,66.5515,19.85,97,94,5.77,RU,2024-01-04 21:47:01
267,san luis de since,9.2439,-75.1468,89.17,58,29,2.3,CO,2024-01-04 21:47:01
268,papao,-17.75,-149.55,80.28,79,100,23.71,PF,2024-01-04 21:47:01
269,acarau,-2.8856,-40.12,81.23,79,91,14.12,BR,2024-01-04 21:47:01
270,buala,-8.145,159.5921,84.0,74,100,4.14,SB,2024-01-04 21:47:01
271,gracemere,-23.4333,150.45,82.31,78,8,8.05,AU,2024-01-04 21:47:02
272,gizo,-8.103,156.8419,84.47,72,99,5.41,SB,2024-01-04 21:47:02
273,krasnyy chikoy,50.3643,108.7512,6.75,95,100,3.74,RU,2024-01-04 21:47:03
274,kayangel,8.0823,134.7173,84.06,78,43,15.48,PW,2024-01-04 21:47:03
275,ouahigouya,13.5828,-2.4216,75.83,12,3,9.01,BF,2024-01-04 21:47:03
276,koshki,54.2091,50.4677,-14.69,100,65,5.1,RU,2024-01-04 21:47:03
277,letlhakeng,-24.0944,25.0298,76.35,37,22,6.13,BW,2024-01-04 21:47:04
278,quellon,-43.1167,-73.6167,64.2,77,74,3.83,CL,2024-01-04 21:47:04
279,yuzhno-kurilsk,44.0306,145.8556,29.37,63,62,8.14,RU,2024-01-04 21:47:04
280,kapuskasing,49.4169,-82.4331,6.8,78,100,10.36,CA,2024-01-04 21:47:04
281,cururupu,-1.8283,-44.8683,77.45,88,99,3.4,BR,2024-01-04 21:47:04
282,nuuk,64.1835,-51.7216,20.01,86,75,31.07,GL,2024-01-04 21:47:05
283,taroa,8.7058,171.2275,81.09,72,100,21.99,MH,2024-01-04 21:47:05
284,itupiranga,-5.1347,-49.3267,88.12,77,98,1.59,BR,2024-01-04 21:47:05
285,lompoc,34.6391,-120.4579,61.2,56,0,14.97,US,2024-01-04 21:43:29
286,general conesa,-40.1,-64.4333,92.55,26,82,11.07,AR,2024-01-04 21:47:06
287,qarqaraly,49.4058,75.4742,20.16,68,100,8.72,KZ,2024-01-04 21:47:06
288,debark',13.1561,37.8981,48.04,45,0,2.95,ET,2024-01-04 21:47:06
289,ilebo,-4.3167,20.5833,71.91,93,99,1.92,CD,2024-01-04 21:47:07
290,wynyard,-41.0,145.7167,62.55,79,93,1.79,AU,2024-01-04 21:47:01
291,vernon,50.2581,-119.2691,40.01,84,78,8.01,CA,2024-01-04 21:45:15
292,neiafu,-18.65,-173.9833,83.08,83,75,13.8,TO,2024-01-04 21:47:08
293,dudinka,69.4058,86.1778,-14.33,95,100,14.0,RU,2024-01-04 21:47:08
294,tindouf,27.6711,-8.1474,61.25,23,0,9.22,DZ,2024-01-04 21:47:08
295,pundong,-7.9522,110.3486,75.45,93,100,1.28,ID,2024-01-04 21:47:08
296,heyuan,23.7333,114.6833,52.18,74,7,2.24,CN,2024-01-04 21:47:08
297,bonthe,7.5264,-12.505,79.81,83,59,6.38,SL,2024-01-04 21:47:09
298,hamilton,39.1834,-84.5333,35.01,59,0,6.91,US,2024-01-04 21:45:56
299,lebyazh'ye,55.2689,66.4947,21.25,96,93,8.41,RU,2024-01-04 21:47:09
300,sakakah,29.9697,40.2064,51.37,55,0,5.5,SA,2024-01-04 21:47:09
301,namibe,-15.1961,12.1522,72.09,71,74,7.52,AO,2024-01-04 21:47:10
302,harper,4.375,-7.7169,79.07,84,92,6.24,LR,2024-01-04 21:47:10
303,doha,25.2867,51.5333,64.35,70,0,11.5,QA,2024-01-04 21:42:15
304,naracoorte,-36.9579,140.7383,67.59,67,2,10.4,AU,2024-01-04 21:47:10
305,nanyang,32.9947,112.5328,41.47,73,0,4.68,CN,2024-01-04 21:47:10
306,puerto baquerizo moreno,-0.9,-89.6,83.39,84,75,14.97,EC,2024-01-04 21:47:11
307,riyadh,24.6877,46.7219,55.54,59,2,4.25,SA,2024-01-04 21:47:11
308,saldanha,-33.0117,17.9442,64.45,91,15,10.85,ZA,2024-01-04 21:38:06
309,kaa-khem,51.6833,94.7333,-8.59,92,90,4.12,RU,2024-01-04 21:38:06
310,saint-pierre,-21.3393,55.4781,78.48,89,20,1.14,RE,2024-01-04 21:38:07
311,mount pearl,47.5166,-52.7813,29.25,94,100,19.57,CA,2024-01-04 21:45:59
312,el calafate,-50.3408,-72.2768,60.53,56,98,13.22,AR,2024-01-04 21:47:12
313,laojunmiao,39.8333,97.7333,20.7,29,6,3.04,CN,2024-01-04 21:47:12
314,katsuura,35.1333,140.3,49.6,61,20,4.05,JP,2024-01-04 21:47:13
315,happy valley-goose bay,53.3168,-60.3315,10.71,67,75,2.3,CA,2024-01-04 21:47:14
316,sinabang,2.4803,96.3801,79.72,79,47,2.89,ID,2024-01-04 21:47:14
317,amos,48.5669,-78.1162,8.02,84,100,5.99,CA,2024-01-04 21:47:15
318,northam,51.0333,-4.2167,46.06,87,100,15.95,GB,2024-01-04 21:47:15
319,brumadinho,-20.1433,-44.1997,77.52,97,100,2.89,BR,2024-01-04 21:47:15
320,eldorado,-23.7869,-54.2836,83.98,57,67,3.29,BR,2024-01-04 21:47:16
321,pinahat,26.8839,78.3781,45.57,72,0,3.53,IN,2024-01-04 21:47:16
322,san pedro pochutla,15.7333,-96.4667,83.91,49,43,7.07,MX,2024-01-04 21:47:16
323,berezovyy,51.6667,135.7,-8.52,96,98,2.39,RU,2024-01-04 21:47:16
324,paka,4.6374,103.4368,76.93,94,96,3.44,MY,2024-01-04 21:47:17
325,ballinasloe,53.3275,-8.2194,38.75,95,47,6.87,IE,2024-01-04 21:47:17
326,la'ie,21.6477,-157.9253,78.48,69,99,5.99,US,2024-01-04 21:47:17
327,beitbridge,-22.2167,30.0,76.08,62,0,15.35,ZW,2024-01-04 21:47:17
328,puerto real,36.5282,-6.1901,59.58,88,40,13.8,ES,2024-01-04 21:47:18
329,rio grande,-32.035,-52.0986,72.95,81,6,17.67,BR,2024-01-04 21:47:18
330,monrovia,6.3005,-10.7969,78.57,82,97,8.46,LR,2024-01-04 21:47:18
331,tadmur,34.5608,38.2805,52.18,72,5,2.48,SY,2024-01-04 21:47:19
332,faya-largeau,17.9257,19.1043,67.93,24,4,18.95,TD,2024-01-04 21:47:19
333,matoury,4.8483,-52.3317,82.36,78,75,9.22,GF,2024-01-04 21:47:19
334,osorno,-40.5667,-73.15,82.71,39,20,8.05,CL,2024-01-04 21:47:19
335,brisas de zicatela,15.8369,-97.0419,84.72,58,40,10.36,MX,2024-01-04 21:47:19
336,grand-fort-philippe,50.9996,2.1078,49.05,77,100,17.83,FR,2024-01-04 21:47:20
337,bac lieu,9.285,105.7244,77.02,73,100,14.63,VN,2024-01-04 21:47:20
338,mana,5.6592,-53.7767,78.85,83,33,7.72,GF,2024-01-04 21:47:20
339,taltal,-25.4,-70.4833,68.59,70,20,5.97,CL,2024-01-04 21:47:20
340,yichun,47.7,128.9,6.64,97,100,1.95,CN,2024-01-04 21:47:21
341,pauini,-7.7136,-66.9764,76.82,97,100,2.82,BR,2024-01-04 21:47:21
342,lerwick,60.1545,-1.1494,41.0,96,100,32.59,GB,2024-01-04 21:47:21
343,portland,45.5234,-122.6762,47.95,94,100,8.05,US,2024-01-04 21:45:19
344,gunjur,13.2019,-16.7339,75.27,73,49,4.61,GM,2024-01-04 21:47:22
345,zaozersk,69.4005,32.4476,-7.13,87,1,14.36,RU,2024-01-04 21:47:22
346,freeport,40.6576,-73.5832,40.71,52,100,21.85,US,2024-01-04 21:47:22
347,sheridan,44.8333,-106.9173,42.37,49,0,24.16,US,2024-01-04 21:47:22
348,kingston,17.997,-76.7936,83.03,73,75,13.8,JM,2024-01-04 21:43:59
349,mossel bay,-34.1831,22.146,67.26,90,93,14.97,ZA,2024-01-04 21:47:23
350,woolgoolga,-30.1106,153.2007,76.87,79,59,16.84,AU,2024-01-04 21:47:23
351,iquique,-20.2208,-70.1431,73.44,78,25,5.01,CL,2024-01-04 21:47:23
352,vila velha,-20.3297,-40.2925,77.95,98,100,3.44,BR,2024-01-04 21:47:24
353,kazaure,12.6513,8.4162,66.81,17,85,7.78,NG,2024-01-04 21:47:24
354,sidi ifni,29.3797,-10.173,64.81,55,0,4.56,MA,2024-01-04 21:47:24
355,conceicao da barra,-18.5933,-39.7322,76.48,97,96,9.04,BR,2024-01-04 21:47:24
356,nova vicosa,-17.8919,-39.3719,76.71,96,96,12.93,BR,2024-01-04 21:47:24
357,kamennomostskiy,44.2983,40.1856,46.31,87,98,5.64,RU,2024-01-04 21:38:22
358,selfoss,63.9331,-20.9971,21.16,81,93,8.77,IS,2024-01-04 21:38:22
359,alamogordo,32.8995,-105.9603,43.38,52,100,17.27,US,2024-01-04 21:38:22
360,kittila,67.6647,24.8936,-18.26,76,0,12.66,FI,2024-01-04 21:38:23
361,smithers,54.7804,-127.1743,35.92,75,40,3.44,CA,2024-01-04 21:35:05
362,lamu,-2.2717,40.902,80.82,81,9,11.68,KE,2024-01-04 21:38:23
363,talagutong,6.2644,125.6678,78.76,84,74,9.95,PH,2024-01-04 21:38:23
364,onguday,50.75,86.15,7.2,95,35,4.16,RU,2024-01-04 21:38:24
365,christchurch,-43.5333,172.6333,55.76,76,75,12.66,NZ,2024-01-04 21:37:16
366,praia,14.9215,-23.5087,72.14,73,20,12.66,CV,2024-01-04 21:36:10
367,yuxi,24.355,102.5422,41.0,88,0,2.68,CN,2024-01-04 21:38:25
368,odienne,9.51,-7.5692,79.29,22,8,1.79,CI,2024-01-04 21:38:25
369,bengkulu,-3.8004,102.2655,75.15,90,100,2.48,ID,2024-01-04 21:38:25
370,st. john's,47.5649,-52.7093,30.09,94,100,19.57,CA,2024-01-04 21:38:26
371,palmer,42.1584,-72.3287,35.33,56,38,12.19,US,2024-01-04 21:33:27
372,bulgan,48.8125,103.5347,-5.62,84,30,3.74,MN,2024-01-04 21:38:26
373,lata,40.1629,-8.3327,50.07,96,34,4.79,PT,2024-01-04 21:38:27
374,palafrugell,41.9174,3.1631,53.02,54,100,7.11,ES,2024-01-04 21:38:27
375,lebu,-37.6167,-73.65,62.74,79,46,12.73,CL,2024-01-04 21:38:27
376,manay,7.215,126.5397,75.63,72,61,7.05,PH,2024-01-04 21:38:28
377,champua,22.0833,85.6667,59.36,67,0,3.6,IN,2024-01-04 21:38:28
378,amga,60.8953,131.9608,-36.54,100,99,1.92,RU,2024-01-04 21:38:28
379,zouerate,22.7187,-12.4521,66.63,18,0,8.3,MR,2024-01-04 21:38:29
380,lesnikovo,55.2822,65.3175,22.78,96,93,5.82,RU,2024-01-04 21:38:29
381,prieska,-29.6641,22.7474,82.33,34,80,10.36,ZA,2024-01-04 21:38:30
382,la sarre,48.8002,-79.1996,7.97,91,100,5.01,CA,2024-01-04 21:34:53
383,koya,34.2129,135.6224,31.12,76,0,2.89,JP,2024-01-04 21:38:30
384,rudnichnyy,59.617,52.4703,-17.39,98,50,4.68,RU,2024-01-04 21:38:30
385,san luis,-33.295,-66.3356,90.16,28,43,8.55,AR,2024-01-04 21:37:41
386,fale old settlement,-9.3852,-171.2468,84.02,68,85,10.51,TK,2024-01-04 21:38:31
387,qarah,34.1527,36.7415,42.78,72,1,1.63,SY,2024-01-04 21:38:31
388,usogorsk,63.4106,48.6872,-21.33,100,100,3.44,RU,2024-01-04 21:38:31
389,ust'-ilimsk,58.0006,102.6619,-26.77,100,48,4.0,RU,2024-01-04 21:38:31
390,newman,37.3138,-121.0208,57.51,60,40,10.0,US,2024-01-04 21:38:32
391,dryden,49.7833,-92.7503,12.49,79,100,11.5,CA,2024-01-04 21:38:32
392,akureyri,65.6835,-18.0878,26.53,100,75,2.3,IS,2024-01-04 21:38:32
393,guaraniacu,-25.1008,-52.8781,73.09,71,58,1.32,BR,2024-01-04 21:38:32
394,ad dawadimi,24.5077,44.3924,56.55,58,1,10.58,SA,2024-01-04 21:38:32
395,nagqu,31.5,92.0,4.08,57,68,3.56,CN,2024-01-04 21:38:33
396,carros,43.7894,7.184,49.42,73,0,6.91,FR,2024-01-04 21:38:33
397,ulety,51.3572,112.4849,4.39,85,96,7.54,RU,2024-01-04 21:38:33
398,haimen,23.1935,116.6142,48.09,84,12,5.35,CN,2024-01-04 21:38:33
399,sydney mines,46.2367,-60.2177,30.15,81,100,2.3,CA,2024-01-04 21:38:34
400,mayakonda,14.2833,76.0833,70.57,79,100,5.53,IN,2024-01-04 21:38:34
401,san juan del sur,11.2529,-85.8705,82.62,78,20,6.91,NI,2024-01-04 21:38:34
402,vuktyl,63.8567,57.3094,-24.03,100,84,4.03,RU,2024-01-04 21:38:34
403,vilyuchinsk,52.9306,158.4028,7.93,75,100,8.05,RU,2024-01-04 21:38:35
404,las vegas,36.175,-115.1372,57.22,33,0,25.32,US,2024-01-04 21:38:35
405,flying fish cove,-10.4217,105.6791,78.48,88,40,3.44,CX,2024-01-04 21:38:35
406,rouissat,31.9243,5.3502,51.87,46,0,5.75,DZ,2024-01-04 21:38:35
407,al jawf,29.5,38.75,53.98,48,0,8.46,SA,2024-01-04 21:38:36
408,port augusta,-32.5,137.7667,83.46,46,97,9.64,AU,2024-01-04 21:38:37
409,chegdomyn,51.1167,133.0167,-5.89,97,100,1.61,RU,2024-01-04 21:38:37
410,coronda,-31.9726,-60.9198,87.51,42,18,11.97,AR,2024-01-04 21:38:38
411,i-n-salah,27.1935,2.4607,59.88,23,39,0.67,DZ,2024-01-04 21:38:39
412,qui nhon,13.7667,109.2333,70.72,80,96,6.8,VN,2024-01-04 21:38:39
413,puerto madero,14.7208,-92.4215,91.6,52,40,6.91,MX,2024-01-04 21:38:40
414,kyzyl-suu,42.3414,78.0056,26.26,58,91,8.97,KG,2024-01-04 21:38:40
415,tshikapa,-6.4167,20.8,71.22,95,100,2.17,CD,2024-01-04 21:38:41
416,sabang,5.8933,95.3214,81.72,78,28,18.57,ID,2024-01-04 21:38:41
417,olinda,-8.0089,-34.8553,83.93,74,20,10.36,BR,2024-01-04 21:38:42
418,bathurst,-33.4166,149.5806,67.96,73,95,1.99,AU,2024-01-04 21:38:42
419,caleta de carquin,-11.0925,-77.6267,74.41,80,91,9.53,PE,2024-01-04 21:38:43
420,isla vista,34.4133,-119.861,63.64,47,0,9.22,US,2024-01-04 21:34:15
421,kavaratti,10.5669,72.642,80.24,80,100,10.58,IN,2024-01-04 21:47:37
422,praia da vitoria,38.7333,-27.0667,59.25,94,75,15.55,PT,2024-01-04 21:47:37
423,horta,38.5333,-28.6333,63.01,85,75,25.01,PT,2024-01-04 21:47:37
424,kyzyl-mazhalyk,51.1333,90.6,-5.1,86,44,1.99,RU,2024-01-04 21:47:37
425,puerto ayacucho,5.6639,-67.6236,88.11,43,63,4.99,VE,2024-01-04 21:44:11
426,antofagasta,-23.65,-70.4,70.88,74,7,7.61,CL,2024-01-04 21:47:38
427,kayenta,36.7278,-110.2546,36.77,64,100,16.2,US,2024-01-04 21:47:38
428,tinajo,29.0788,-13.7081,67.08,77,20,9.22,ES,2024-01-04 21:47:38
429,saint croix,17.7397,-64.7388,76.96,82,20,9.22,VI,2024-01-04 21:47:38
430,port macquarie,-31.4333,152.9167,74.89,86,98,12.5,AU,2024-01-04 21:47:39
431,grand falls-windsor,48.9332,-55.6649,30.51,77,100,3.0,CA,2024-01-04 21:47:39
432,miles city,46.4083,-105.8406,31.17,69,0,6.91,US,2024-01-04 21:47:39
433,tucumcari,35.1717,-103.725,30.04,100,100,10.36,US,2024-01-04 21:47:39
434,mutoko,-17.397,32.2268,66.54,78,88,5.73,ZW,2024-01-04 21:47:40
435,siwa oasis,29.2041,25.5195,55.72,46,0,6.11,EG,2024-01-04 21:47:40
436,punta del este,-34.9667,-54.95,71.4,75,40,14.0,UY,2024-01-04 21:47:40
437,kralendijk,12.15,-68.2667,84.18,74,75,16.11,BQ,2024-01-04 21:47:40
438,tadine,-21.55,167.8833,82.38,63,29,8.9,NC,2024-01-04 21:47:40
439,narasimharajapura,13.6167,75.5167,67.98,94,100,1.95,IN,2024-01-04 21:47:41
440,yaren,-0.5472,166.916,81.88,76,100,8.03,NR,2024-01-04 21:47:41
441,genhe,50.7833,121.5167,-19.82,100,77,1.01,CN,2024-01-04 21:47:41
442,sirte,31.2089,16.5887,62.85,41,51,7.76,LY,2024-01-04 21:47:41
443,along,28.1667,94.7667,47.82,75,25,1.63,IN,2024-01-04 21:47:42
444,zhoushan,30.0108,122.2047,50.86,81,64,9.17,CN,2024-01-04 21:47:42
445,saint-paul,-21.0096,55.2707,78.75,86,82,3.15,RE,2024-01-04 21:47:42
446,manokwari,-0.8667,134.0833,79.77,78,99,2.04,ID,2024-01-04 21:47:42
447,kapa'a,22.0752,-159.319,77.13,78,0,13.8,US,2024-01-04 21:44:51
448,natitingou,10.3042,1.3796,78.1,17,36,5.59,BJ,2024-01-04 21:47:43
449,toropets,56.4978,31.6353,5.09,75,100,10.69,RU,2024-01-04 21:47:43
450,aweil,8.7682,27.4002,71.8,15,98,4.7,SS,2024-01-04 21:44:04
451,kargasok,59.0556,80.8572,-7.44,89,100,14.38,RU,2024-01-04 21:47:43
452,port douglas,-16.4833,145.4667,82.63,71,98,3.47,AU,2024-01-04 21:43:57
453,malango,-2.9627,119.9001,68.36,98,100,2.53,ID,2024-01-04 21:47:44
454,saltillo,25.4167,-101.0,72.64,23,0,11.5,MX,2024-01-04 21:43:30
455,undurkhaan,47.3194,110.6556,-0.02,94,100,3.49,MN,2024-01-04 21:47:44
456,pitimbu,-7.4706,-34.8086,82.99,77,14,9.26,BR,2024-01-04 21:47:44
457,marakkanam,12.2,79.95,77.52,77,100,10.16,IN,2024-01-04 21:47:45
458,ciudad lazaro cardenas,17.9583,-102.2,80.92,57,19,9.15,MX,2024-01-04 21:45:56
459,severo-yeniseyskiy,60.3725,93.0408,-35.43,100,78,4.0,RU,2024-01-04 21:47:45
460,codrington,-38.2667,141.9667,65.08,80,93,11.1,AU,2024-01-04 21:47:45
461,porto novo,6.4965,2.6036,84.02,75,89,8.01,BJ,2024-01-04 21:47:46
462,sanctuary point,-35.1114,150.629,69.24,86,100,5.06,AU,2024-01-04 21:47:46
463,isangel,-19.55,169.2667,81.88,73,100,6.82,VU,2024-01-04 21:47:46
464,kotel'nikovo,47.6317,43.1461,43.05,89,99,12.26,RU,2024-01-04 21:47:46
465,guane,22.2025,-84.0875,79.05,64,24,7.02,CU,2024-01-04 21:47:47
466,kudahuvadhoo,2.6708,72.8944,82.17,74,94,3.89,MV,2024-01-04 21:47:47
467,coxim,-18.5067,-54.76,89.55,51,100,4.05,BR,2024-01-04 21:47:47
468,kariba,-16.5167,28.8,74.34,79,98,4.5,ZW,2024-01-04 21:47:47
469,san-pedro,4.7485,-6.6363,78.26,88,50,5.19,CI,2024-01-04 21:47:47
470,arinos,-15.9169,-46.1056,72.59,94,100,2.35,BR,2024-01-04 21:47:48
471,ebon,4.582,168.6964,82.78,73,100,15.01,MH,2024-01-04 21:47:48
472,aqadyr,48.2553,72.8483,23.65,76,100,13.2,KZ,2024-01-04 21:47:48
473,palikir - national government center,6.9248,158.1611,79.54,83,75,3.44,FM,2024-01-04 21:47:48
474,barsana,27.65,77.3833,44.15,67,0,4.07,IN,2024-01-04 21:47:48
475,nemuro,43.3236,145.575,28.15,75,26,7.29,JP,2024-01-04 21:47:49
476,flagstaff,35.1981,-111.6513,30.87,77,100,10.36,US,2024-01-04 21:46:07
477,alvaraes,-3.2208,-64.8042,89.47,66,93,1.34,BR,2024-01-04 21:47:49
478,kirensk,57.7853,108.1119,-14.93,98,100,4.7,RU,2024-01-04 21:47:49
479,ghanzi,-21.5667,21.7833,80.62,37,84,6.69,BW,2024-01-04 21:47:49
480,rabaul,-4.1967,152.1721,81.81,76,99,2.01,PG,2024-01-04 21:47:50
481,saudarkrokur,65.7461,-19.6394,18.86,86,44,7.05,IS,2024-01-04 21:47:50
482,bintulu,3.1667,113.0333,74.91,100,20,2.3,MY,2024-01-04 21:47:50
483,magadan,59.5667,150.8,-14.91,82,1,5.93,RU,2024-01-04 21:47:50
484,mahina,-17.5065,-149.489,80.37,78,75,6.91,PF,2024-01-04 21:47:51
485,labytnangi,66.6572,66.4183,-14.78,97,69,3.31,RU,2024-01-04 21:47:51
486,pathein,16.7833,94.7333,67.32,86,9,5.23,MM,2024-01-04 21:47:51
487,aioun,16.6614,-9.6149,74.88,11,61,10.65,MR,2024-01-04 21:47:51
488,aral,40.5156,81.2636,26.15,39,4,2.17,CN,2024-01-04 21:47:51
489,yoichi,43.2039,140.7703,31.3,78,91,9.33,JP,2024-01-04 21:47:52
490,sandpoint,48.2766,-116.5533,35.94,92,100,4.61,US,2024-01-04 21:47:52
491,monster,52.0258,4.175,46.0,94,75,10.36,NL,2024-01-04 21:47:52
492,bodaybo,57.8506,114.1933,-12.93,98,100,1.97,RU,2024-01-04 21:47:52
493,katsuren-haebaru,26.3369,127.8719,55.99,73,75,6.91,JP,2024-01-04 21:47:53
494,las khorey,11.1595,48.1967,75.52,52,56,9.06,SO,2024-01-04 21:47:53
495,ahmadnagar,19.0833,74.7333,69.53,33,50,5.32,IN,2024-01-04 21:47:53
496,san luis de la loma,17.2706,-100.8939,82.6,61,16,7.94,MX,2024-01-04 21:47:53
497,bereeda,11.8704,51.0579,75.47,63,51,7.16,SO,2024-01-04 21:47:54
498,boa vista,2.8197,-60.6733,93.18,33,40,12.66,BR,2024-01-04 21:47:54
499,nar'yan-mar,67.6713,53.087,8.11,98,99,5.99,RU,2024-01-04 21:47:54
500,vangviang,18.9333,102.45,62.65,89,3,2.06,LA,2024-01-04 21:47:54
501,hell-ville,-13.4,48.2667,81.95,73,100,4.76,MG,2024-01-04 21:47:55
502,kaka,37.3482,59.6143,47.05,53,30,6.82,TM,2024-01-04 21:47:55
503,anna regina,7.2644,-58.5077,78.91,75,72,6.71,GY,2024-01-04 21:47:55
504,stung treng,13.5259,105.9683,65.95,77,74,4.5,KH,2024-01-04 21:47:55
505,bolands,17.0657,-61.8747,80.2,76,20,5.75,AG,2024-01-04 21:47:56
506,dakhla,23.6848,-15.958,66.22,82,0,12.66,EH,2024-01-04 21:47:56
507,alo,7.4178,6.7371,84.99,33,69,3.96,NG,2024-01-04 21:47:56
508,paita,-5.0892,-81.1144,74.95,78,95,15.5,PE,2024-01-04 21:47:56
509,alice springs,-23.7,133.8833,81.95,34,80,3.44,AU,2024-01-04 21:47:30
510,kerikeri,-35.2268,173.9474,68.58,71,100,3.71,NZ,2024-01-04 21:47:57
511,pangai,-19.8,-174.35,84.31,74,40,18.41,TO,2024-01-04 21:47:57
512,novohrad-volynskyi,50.5941,27.6165,43.11,85,100,14.0,UA,2024-01-04 21:47:57
513,crane,31.3974,-102.3501,52.18,61,89,12.3,US,2024-01-04 21:47:58
514,turbat,26.0023,63.044,67.39,73,18,5.28,PK,2024-01-04 21:47:58
515,esikhaleni,-28.871,31.8996,67.48,84,5,2.93,ZA,2024-01-04 21:47:58
516,diphu,25.8333,93.4333,53.26,82,0,1.01,IN,2024-01-04 21:47:58
517,eyl,7.9803,49.8164,75.0,65,12,16.91,SO,2024-01-04 21:47:59
518,sainte-anne-des-monts,49.124,-66.4924,26.47,93,100,18.41,CA,2024-01-04 21:47:59
519,hammerfest,70.6634,23.6821,30.65,59,40,19.57,NO,2024-01-04 21:47:59
520,donnacona,46.6804,-71.7239,15.69,62,37,12.66,CA,2024-01-04 21:47:59
521,pachperwa,27.5167,82.65,53.17,61,0,4.54,IN,2024-01-04 21:47:59
522,touba,8.2833,-7.6833,79.38,39,35,1.03,CI,2024-01-04 21:48:00
523,shenjiamen,29.9576,122.298,51.76,79,68,11.92,CN,2024-01-04 21:48:00
524,sal rei,16.1833,-22.9167,73.56,71,0,12.86,CV,2024-01-04 21:48:00
525,saint-francois,46.4154,3.9054,40.48,93,0,3.44,FR,2024-01-04 21:48:00
526,zhangye,38.9342,100.4517,22.46,47,15,2.39,CN,2024-01-04 21:48:01
527,pul-e 'alam,33.9953,69.0227,37.29,52,97,0.43,AF,2024-01-04 21:48:01
528,dwarka,22.2394,68.9678,69.78,37,0,10.22,IN,2024-01-04 21:48:01
529,ola,59.5833,151.2833,-15.74,89,13,6.89,RU,2024-01-04 21:48:02
530,altai,46.3722,96.2583,-0.89,70,0,0.51,MN,2024-01-04 21:48:02
531,khovd,48.0056,91.6419,4.05,75,27,0.76,MN,2024-01-04 21:39:16
532,medina,24.4686,39.6142,66.63,39,20,6.91,SA,2024-01-04 21:39:16
533,itaituba,-4.2761,-55.9836,86.16,74,40,3.44,BR,2024-01-04 21:35:21
534,rochefort-du-gard,43.9765,4.6902,52.05,68,100,6.91,FR,2024-01-04 21:39:17
535,belyy yar,53.6039,91.3903,-11.31,92,100,0.0,RU,2024-01-04 21:39:17
536,santa terezinha,-29.9002,-50.0904,71.29,88,20,12.03,BR,2024-01-04 21:39:18
537,valle de la pascua,9.2155,-66.0073,89.94,27,83,7.27,VE,2024-01-04 21:39:18
538,tan-tan,28.438,-11.1032,60.75,94,0,2.3,MA,2024-01-04 21:39:19
539,tuy hoa,13.0833,109.3,70.0,84,94,5.61,VN,2024-01-04 21:39:19
540,klyuchi,52.2667,79.1667,19.74,79,100,14.94,RU,2024-01-04 21:39:19
541,vallenar,-28.5708,-70.7581,75.6,35,0,7.87,CL,2024-01-04 21:39:20
542,pubal,37.2917,127.5078,33.35,86,100,0.0,KR,2024-01-04 21:39:21
543,chui,-33.6971,-53.4616,70.52,72,0,11.92,UY,2024-01-04 21:48:05
544,oleksandriys'ke,48.6077,32.9835,40.87,91,99,6.98,UA,2024-01-04 21:48:05
545,at taj,24.2049,23.2857,54.77,41,0,8.32,LY,2024-01-04 21:48:05
546,bloomington,44.8408,-93.2983,24.73,73,100,8.05,US,2024-01-04 21:46:22
547,ulsteinvik,62.3432,5.8487,27.36,49,100,7.0,NO,2024-01-04 21:48:05
548,plettenberg bay,-34.0527,23.3716,67.86,86,22,7.58,ZA,2024-01-04 21:48:06
549,lorengau,-2.0226,147.2712,83.71,74,10,2.91,PG,2024-01-04 21:48:06
550,vereshchagino,58.0789,54.6557,-3.5,99,93,4.38,RU,2024-01-04 21:48:06
551,new norfolk,-42.7826,147.0587,61.29,61,43,1.25,AU,2024-01-04 21:48:06
552,guarapari,-20.6667,-40.4975,77.9,97,100,2.51,BR,2024-01-04 21:48:07
553,isla aguada,18.7833,-91.4667,78.84,79,90,7.65,MX,2024-01-04 21:48:07
554,atar,20.5169,-13.0499,68.65,13,0,6.73,MR,2024-01-04 21:48:07
555,arkhangel'sk,64.5401,40.5433,-5.69,84,75,4.47,RU,2024-01-04 21:46:31
556,farshut,26.0549,32.1633,57.81,50,1,8.63,EG,2024-01-04 21:48:07
557,las cruces,32.3123,-106.7783,48.85,36,0,28.77,US,2024-01-04 21:43:11
558,namdrik,5.5994,168.1028,82.56,74,100,16.33,MH,2024-01-04 21:48:08
559,runing,33.0011,114.3542,37.29,67,0,8.86,CN,2024-01-04 21:48:08
560,el bauga,18.262,33.9081,66.07,35,38,10.13,SD,2024-01-04 21:48:08
